unique_id,ds,LSTM
12,2024-08-19 00:00:00,768694140.0
12,2024-08-19 01:00:00,775497200.0
12,2024-08-19 02:00:00,596808900.0
12,2024-08-19 03:00:00,664444200.0
12,2024-08-19 04:00:00,414536130.0
12,2024-08-19 05:00:00,519049200.0
12,2024-08-19 06:00:00,774564100.0
12,2024-08-19 07:00:00,1197150500.0
12,2024-08-19 08:00:00,1294201300.0
12,2024-08-19 09:00:00,1583919200.0
12,2024-08-19 10:00:00,1756163800.0
12,2024-08-19 11:00:00,1648701700.0
12,2024-08-19 12:00:00,1236371000.0
12,2024-08-19 13:00:00,1488953600.0
12,2024-08-19 14:00:00,1111305000.0
12,2024-08-19 15:00:00,1072628540.0
12,2024-08-19 16:00:00,1458627300.0
12,2024-08-19 17:00:00,1453895400.0
12,2024-08-19 18:00:00,1368735600.0
12,2024-08-19 19:00:00,1375734000.0
12,2024-08-19 20:00:00,1421272700.0
12,2024-08-19 21:00:00,1360746900.0
12,2024-08-19 22:00:00,1197590400.0
12,2024-08-19 23:00:00,1171944300.0
